{
	"pages": [ 
// 		{
// 			"path": "pages/index/startup",
// 			"style": {
// 				"navigationBarTextStyle": "white",
// 				"app-plus": {
// 					"scrollIndicator": "none",
// 					"bounce": "none",
// 					"titleNView": false
// 				},
// 				"navigationStyle": "custom"
// 			}
// 		},
		{
			"path": "pages/index/index",
			"style": {
				"navigationBarTitleText": "Simple-store",
				"navigationBarTextStyle": "white",
				"enablePullDownRefresh": true,
				"app-plus": {
					"titleNView": false,
					"bounce": "none",
					"pullToRefresh": {
						"style": "circle",
						"color": "#FD575C",
						"offset": "60px"
					}
				},
				"navigationStyle": "custom"
			}
		},
		{
			"path": "pages/jiu/index",
			"style": {
				"navigationBarTitleText": "9.9包邮",
				"navigationBarTextStyle": "white",
				"enablePullDownRefresh": true,
				"app-plus": {
					"bounce": "none",
					"pullToRefresh": {
						"style": "circle",
						"color": "#FD575C",
						"offset": "50px"
					},
					"titleNView": false
				}
			}
		},
		{
			"path": "pages/cate/index",
			"style": {
				"navigationBarTitleText": "分类",
				"app-plus": {
					"bounce": "none",
					"titleNView": {
						"searchInput": {
							"borderRadius": "10px",
							"placeholder": "你好啊点击搜索啊",
							"placeholderColor": "#FD575C"
						},
						"buttons": [{
								"text": "",
								"float": "left"
							},
							{
								"type": "menu"
							}
						]
					}
				},


				"navigationStyle": "custom"
			}
		},
		{
			"path": "pages/like/index",
			"style": {
				"navigationBarTitleText": "收藏",
				"app-plus": {
					"titleNView": false,
					"bounce": "none"
				},
				"navigationStyle": "custom"
			}
		},
		{
			"path": "pages/member/index",
			"style": {
				"navigationBarTitleText": "我的",
				"app-plus": {
					"titleNView": false,
					"bounce": "none"
				},
				"navigationStyle": "custom"
			}
		},
        {
        	"path": "pages/member/login",
        	"style": {
        		"navigationBarTitleText": "登录",
        		"app-plus": {
        			"titleNView": false,
        			"bounce": "none"
        		},
        		"navigationStyle": "custom"
        	}
        },
        {
        	"path": "pages/member/register",
        	"style": {
        		"navigationBarTitleText": "注册",
        		"app-plus": {
        			"titleNView": false,
        			"bounce": "none"
        		},
        		"navigationStyle": "custom"
        	}
        },
		{
			"path": "pages/detail/goodsinfo",
			"style": {
				"navigationBarTitleText": "商品详情",
				"navigationBarTextStyle": "white",
				"app-plus": {
					"bounce": "none",
					"scrollIndicator": "none",
					"titleNView": {
						"type": "transparent",
						"buttons": [{
							"type": "menu"
						}]
					}

				}
			}
		},
		{
			"path": "pages/search/index",
			"style": {
				"navigationBarTitleText": "搜索",
				"navigationBarTextStyle": "white",
				"app-plus": {
					"titleNView": false,
					"bounce": "none"
				},
				"navigationStyle": "custom"
			}
		}
	],
	"globalStyle": {
		"navigationBarTextStyle": "white",
		"navigationBarTitleText": "购物助手",
		"navigationBarBackgroundColor": "#FD575C",
		"backgroundColor": "#F2F2F2"
	},
	"tabBar": {
		"color": "#666666",
		"selectedColor": "#FD575C",
		"borderStyle": "black",
		"backgroundColor": "#ffffff",
		"list": [{
			"pagePath": "pages/index/index",
			"iconPath": "static/img/footer/home.png",
			"selectedIconPath": "static/img/footer/home-act.png",
			"text": "首页"
		}, {
			"pagePath": "pages/jiu/index",
			"iconPath": "static/img/footer/jiu.png",
			"selectedIconPath": "static/img/footer/jiu-act.png",
			"text": "9.9包邮"
		}, {
			"pagePath": "pages/cate/index",
			"iconPath": "static/img/footer/cate.png",
			"selectedIconPath": "static/img/footer/cate-act.png",
			"text": "分类"
		}, {
			"pagePath": "pages/like/index",
			"iconPath": "static/img/footer/like.png",
			"selectedIconPath": "static/img/footer/like-act.png",
			"text": "收藏"
		}, {
			"pagePath": "pages/member/index",
			"iconPath": "static/img/footer/my.png",
			"selectedIconPath": "static/img/footer/my-act.png",
			"text": "我的"
		}]
	},
	"condition": { //模式配置，仅开发期间生效
		"current": 0, //当前激活的模式(list 的索引项)
		"list": [
			// 			{
			// 			"name": "商品详情", //模式名称
			// 			"path": "pages/jiu/index", //启动页面，必选
			// 			"query": "itemid=111" //启动参数，在页面的onLoad函数里面得到
			// 		}
		]
	}
}
